<?xml version="1.0" encoding="UTF-8" standalone="no"?>
<project>
	<configuration id="com.crt.advproject.config.exe.debug.668344388" name="Debug">
		<extension point="org.eclipse.cdt.core.LanguageSettingsProvider">
			<provider copy-of="extension" id="org.eclipse.cdt.ui.UserLanguageSettingsProvider"/>
			<provider class="org.eclipse.cdt.managedbuilder.language.settings.providers.GCCBuildCommandParser" id="com.crt.advproject.GCCBuildCommandParser" keep-relative-paths="false" name="MCU GCC Build Output Parser" parameter="(arm-none-eabi-gcc)|(arm-none-eabi-[gc]\+\+)|(gcc)|([gc]\+\+)|(clang)" prefer-non-shared="true"/>
			<provider class="com.crt.advproject.specs.MCUGCCBuiltinSpecsDetector" console="false" env-hash="-172654149577147130" id="com.crt.advproject.GCCBuildSpecCompilerParser" keep-relative-paths="false" name="MCU GCC Built-in Compiler Parser" parameter="${COMMAND} ${FLAGS} -E -P -v -dD &quot;${INPUTS}&quot;" prefer-non-shared="true">
				<language-scope id="org.eclipse.cdt.core.gcc"/>
				<language-scope id="org.eclipse.cdt.core.g++"/>
			</provider>
			<provider-reference id="org.eclipse.cdt.managedbuilder.core.MBSLanguageSettingsProvider" ref="shared-provider"/>
		</extension>
	</configuration>
	<configuration id="com.crt.advproject.config.exe.release.1701100009" name="Release">
		<extension point="org.eclipse.cdt.core.LanguageSettingsProvider">
			<provider copy-of="extension" id="org.eclipse.cdt.ui.UserLanguageSettingsProvider"/>
			<provider copy-of="extension" id="com.crt.advproject.GCCBuildCommandParser"/>
			<provider class="com.crt.advproject.specs.MCUGCCBuiltinSpecsDetector" console="false" env-hash="-226969604894527448" id="com.crt.advproject.GCCBuildSpecCompilerParser" keep-relative-paths="false" name="MCU GCC Built-in Compiler Parser" parameter="${COMMAND} ${FLAGS} -E -P -v -dD &quot;${INPUTS}&quot;" prefer-non-shared="true">
				<language-scope id="org.eclipse.cdt.core.gcc"/>
				<language-scope id="org.eclipse.cdt.core.g++"/>
			</provider>
			<provider-reference id="org.eclipse.cdt.managedbuilder.core.MBSLanguageSettingsProvider" ref="shared-provider"/>
		</extension>
	</configuration>
</project>